DB-ID,Name,Price,ActiveIngredient,Category,UnitsCount,DosageForm,InternationalBarcode,Origin,ItemRank,Manufacturer,ArabicName,costPrice,stock,expiryDate,minStock
3942,bispyller 120,800,bismuth subcitrate potassium+metronidazole+tetracycline,git.triple therapy for h.pylori,10,Capsule,6221004442939,local,391,hikma pharma,بيسبايلير 120,0,0,2027-01-01,5
8157,midathetic 5mg/ml 10,140,midazolam,anti-epileptic.benzodiazepines,10,Ampoule,6221025012715,local,191,amoun,ميداثيتك 5مجم/مل 10,0,0,2027-01-01,5
11684,trio-clar 42,220,clarithromycin+omeprazole+tinidazole,triple therapy for h.pylori,7,Capsule,6221000000621,local,1195,hikma pharma,تريو-كلار 42,0,0,2027-01-01,5
19609,dasiword 50 mg 60,9600,dasatinib,antineoplastic,6,Tablet,6221000000362,local,52,hikma pharma,داسيورد 50 مجم 60,0,0,2027-01-01,5
17802,dolphin k 75mg/3ml 6,48,diclofenac potassium,nsaid.acetic acid derivatives,6,Ampoule,6221025014399,local,319,delta pharma,دولفن كيه 75مجم/3مل 6,0,0,2027-01-01,5
21252,kapron 500mg/5ml 6,90,tranexamic acid,bleedding.fibrinolytics inhibitors,6,Ampoule,6221025012708,local,1923,amoun,كابرون 500مجم/5 مل 6,0,0,2027-01-01,5
8765,neuroton 6,66,vitamin b1+vitamin b2+vitamin b6+vitamin b12,vitamin b,6,Ampoule,6221025015723,local,3998,amoun,نيوروتون 6,0,0,2027-01-01,5
10900,stimulan 1gm/5ml 6,60,piracetam,cerebral circulatory inhancer,6,Ampoule,6221025009593,local,330,amoun,ستيميولان 1جم/5مل 6,0,0,2027-01-01,5
22866,mobic 15mg/1.5ml 5,39,meloxicam,nsaid.oxicam,5,Ampoule,6214005508421,imported,136,boehringer ingelheim,موبيك 15مجم/1.5مل 5,0,0,2027-01-01,5
23228,nalufin 20mg/ml 5,225,nalbuphine,analgesics.opioid,5,Ampoule,6221025010438,local,1165,amoun,نالوفين 20مجم/مل 5,0,0,2027-01-01,5
10139,sacrofer 100mg/5ml 5,275,iron,anemia.iron supplement,5,Ampoule,6221025020178,local,2515,amoun,ساكروفير 100مجم/5مل 5,0,0,2027-01-01,5
32504,baritava 4 mg 28,2254,baricitinib,janus kinase (jak) inhibitor,4,Tablet,6221000000249,local,519,hikma specialized pharmaceuticals > hikma pharma,باريتفا 4 مجم 28,0,0,2027-01-01,5
6699,janaglip 50/1000mg 28,172,metformin+sitagliptin,anti-diabetic.combined secretagogues+sensitizers,4,Tablet,6221000010309,local,363,hikma pharma,جاناجليب بلس 50/1000مجم 28,0,0,2027-01-01,5
13749,alkapress 10mg 30,108,amlodipine,antihypertensive.selective calcium channel blocker,3,Tablet,6221000000034,local,1434,hikma pharma,الكابرس 10مجم 30,0,0,2027-01-01,5
614,amophage 500mg 30,10.5,metformin,anti-diabetic.sensitizers.biguanide,3,Tablet,6221025010179,local,96,amoun,اموفاج 500 مجم 30,0,0,2027-01-01,5
622,amostigmine 0.5mg/ml 3,5,neostigmine,para sympathomimtic ,3,Ampoule,6221025007421,local,61,amoun,اموستجمين0.5مجم/مل 3,0,0,2027-01-01,5
623,amotril 0.5mg 30,16.5,clonazepam,anti-epileptic.benzodiazepines,3,Tablet,6221025008312,local,115,amoun,اموتريل 0.5مجم 30,0,0,2027-01-01,5
624,amotril 2mg 30,24,clonazepam,anti-epileptic.benzodiazepines,3,Tablet,6221025008329,local,155,amoun,اموتريل 2مجم 30,0,0,2027-01-01,5
814,antodine 20mg/2ml 3,39,famotidine,peptic ulcer.anti-histamine.h2 antagonist,3,Ampoule,6221025014986,local,2967,amoun,انتودين 20مجم/2مل 3,0,0,2027-01-01,5
817,antodine 40mg 30,93,famotidine,peptic ulcer.anti-histamine.h2 antagonist,3,Tablet,6221025003843,local,5108,amoun,انتودين 40مجم 30,0,0,2027-01-01,5
14506,astonin-h 0.1mg 30,18,fludrocortisone,adrenocortical steroid,3,Tablet,6221025016423,local,181,amoun > merck kgaa f.r.germany,استونين اتش 0.1مجم 30,0,0,2027-01-01,5
1327,b-com forte 30,15,vitamin b complex,vitamin b,3,Tablet,6221025019233,local,336,amoun,بي-كوم فورت 30,0,0,2027-01-01,5
15419,bone cal 500mg 30,24,calcium,calcium supplement,3,Tablet,6221025017581,local,141,amoun,بون كال 500مجم 30,0,0,2027-01-01,5
1921,cal-heparine 5000 i.u. 3,198,heparin calcium,anticoagulant.high mwt heparin,3,Ampoule,6221025004475,local,1518,amoun,كالهيبارين 5000 3,0,0,2027-01-01,5
2103,carlol-v 6.25mg 30,19.5,carvedilol,antihypertensive.beta blocker.unselective,3,Tablet,6221025020345,local,32,amoun,كارلول-في 6.25مجم 30,0,0,2027-01-01,5
12826,durjoy 60mg 3,59.5,dapoxetine,delay action,3,Tablet,6221000000430,local,472,jedco,ديورجوي 60مجم 3,0,0,2027-01-01,5
30473,empagliform 12.5/1000 mg 30,228,empagliflozin+metformin,anti-diabetic.secretagogues.sglt2 inhibitors,3,Tablet,6221000000478,local,320,hikma pharma,ايمبايفورم 12.5/1000مجم 30,0,0,2027-01-01,5
18284,empagliform 12.5/500 mg 30,207,empagliflozin+metformin,anti-diabetic.secretagogues.sglt2 inhibitors,3,Tablet,6221000000508,local,241,hikma pharma,امبايفورم 12.5/500مجم 30,0,0,2027-01-01,5
18285,empagliform 5/500 mg 30,159,empagliflozin+metformin,anti-diabetic.secretagogues.sglt2 inhibitors,3,Tablet,6221000000515,local,94,hikma pharma,امبايفورم 5/500مجم 30,0,0,2027-01-01,5
18286,empaglimax 10 mg 30,154.5,empagliflozin,anti-diabetic.secretagogues.sglt2 inhibitors,3,Tablet,6221000011023,local,228,hikma pharma,امبايماكس 10مجم 30,0,0,2027-01-01,5
4752,feburic 80mg 30,139.5,febuxostat,antigout,3,Tablet,6221000000584,local,3723,hikma pharma,فيبيوريك 80مجم 30,0,0,2027-01-01,5
4911,flamifast 50mg 30,52.5,diclofenac potassium,nsaid.acetic acid derivatives,3,Tablet,6221000011252,local,463,epci,فلاميفاست 50 مجم 30,0,0,2027-01-01,5
19127,flexilax 30,84,diclofenac potassium+methocarbamol,cns.analgesic.skeletal muscle relaxant,3,Tablet,6221000000614,local,2392,hikma pharma,فليكسيلاكس 30,0,0,2027-01-01,5
19316,hair nails 30,15,calcium pantothenate+keratin+l-cystine+para-aminobenzoic acid+vitamin b1+yeast,hair care,3,Capsule,6221025012241,local,74,amoun,فورهير اند نيلز 30,0,0,2027-01-01,5
5356,gast-reg 50mg/5ml ./. 3,33,trimebutine,antimuscarinic.irritable bowel syndrome,3,Ampoule,6221025018465,local,989,amoun,جاست ريج 50 مجم/5مل 3,0,0,2027-01-01,5
5561,glimaryl 1mg 30,15,glimepiride,anti-diabetic.secretagogues.sulfonylurea,3,Tablet,6221014002499,local,32,t3a pharma,يماريل 1مجم 30,0,0,2027-01-01,5
19835,glimaryl 2mg 30,20.25,glimepiride,anti-diabetic.secretagogues.sulfonylurea,3,Tablet,6221014002529,local,31,t3a pharma,يماريل 2 مجم 30,0,0,2027-01-01,5
20172,haemokion 10mg/ml 3,36,vitamin k1,vitamin k,3,Ampoule,6221025007926,local,367,amoun,هيموكيون 10 مجم / مل 3,0,0,2027-01-01,5
5867,haemostop 250mg/2ml 3,27,ethamsylate,systemic haemostatic,3,Ampoule,6221025010131,local,723,amoun,هيموستوب 250مجم/2مل 3,0,0,2027-01-01,5
6104,hi-chrome 30,18,chromium picolinate,weight loss,3,Tablet,6221025004604,local,44,amoun,هاي كروم 30,0,0,2027-01-01,5
6318,hypopress 25mg 30,15,captopril,antihypertensive.ace,3,Tablet,6221025004291,local,31,amoun,هيبوبرس 25مجم 30,0,0,2027-01-01,5
6888,ketolgin 100mg 3,5,ketoprofen,nsaid.propionic acid derivatives,3,Ampoule,6221025008848,local,311,amoun,كيتولجين 100مجم 3,0,0,2027-01-01,5
7071,lafurex 40mg/4ml 3,13.5,furosemide,diuretic.loop,3,Ampoule,6221025015006,local,91,amoun,لافيوريكس 40مجم/4مل 3,0,0,2027-01-01,5
21989,lodoz 10/6.25 mg 30,57,bisoprolol fumarate+hydrochlorothiazide,antihypertensive.combined beta blocker with diuretic,3,Tablet,6221025016638,local,39,amoun > merck kgaa f.r.germany,لودوز 10 / 6.25 مجم 30,0,0,2027-01-01,5
21990,lodoz 2.5/6.25 mg 30,24,bisoprolol fumarate+hydrochlorothiazide,antihypertensive.combined beta blocker with diuretic,3,Tablet,6221025016645,local,58,amoun > merck kgaa f.r.germany,لودوز 6.25/2.5 مجم 30,0,0,2027-01-01,5
21991,lodoz 5/6.25 mg 30,33,bisoprolol fumarate+hydrochlorothiazide,antihypertensive.combined beta blocker with diuretic,3,Tablet,6221025017208,local,68,amoun > merck kgaa f.r.germany,لودوز 6.25/5 مجم 30,0,0,2027-01-01,5
22504,melocam 15mg/2ml 3,15,meloxicam,nsaid.oxicam,3,Ampoule,6221025015204,local,108,amoun,ميلوكام 15مجم/2مل 3,0,0,2027-01-01,5
22734,midathetic 15mg/3ml 3,84,midazolam,anti-epileptic.benzodiazepines,3,Ampoule,6221025013644,local,375,amoun,ميداثيتك 15مجم/3مل 3,0,0,2027-01-01,5
6047,mirfenacin 5/50 mg 30,339,solifenacin+mirabegron,urinary incontinence.antispasmodics.muscarinic antagonists,3,Tablet,6221000011009,imported,87,hikma,ميرفيناسين ام ار 5/50مجم 30,0,0,2027-01-01,5
23000,motijust 2/125mg 30,37.5,loperamide+simethicone,antidiarrheal,3,Capsule,6221025020147,local,54,international drug industries > novell pharma,موتيجست بلس 2/125 مجم 30,0,0,2027-01-01,5
23463,neurofenac 30,25.5,diclofenac sodium+vitamin b1+vitamin b6+vitamin b12,nsaid combined with vitamin b,3,Capsule,6221025009852,local,76,amoun > merck kgaa f.r.germany,نيوروفيناك 30,0,0,2027-01-01,5
23629,nitrocare 6.5mg 30,25.5,nitroglycerin,anti-ischemic,3,Capsule,6221014001782,local,45,t3a pharma,نيتروكير 6.5مجم 30,0,0,2027-01-01,5
25565,quitcool 300mg 30 ext. rel,336,quetiapine,psychiatric.antipsychotics,3,Tablet,6221000001055,local,85,hikma pharma,كويتكول اكس ار 300مجم 30,0,0,2027-01-01,5
25566,quitcool 50mg 30 ext. rel,135,quetiapine,psychiatric.antipsychotics,3,Tablet,6221000001031,local,129,hikma pharma,كويتكول اكس ار 500مجم 30,0,0,2027-01-01,5
10094,roysan 4mg 30,42,tizanidine,cns.analgesic.skeletal muscle relaxant.alpha2 agonist,3,Tablet,6221025017437,local,277,amoun,رويسان 4مجم 30,0,0,2027-01-01,5
26994,simethicone 80mg 30,5.75,simethicone,antiflatulent,3,Tablet,6221025008152,local,275,amoun > pyramids for trading pharmaceuticals-egypt,سايميثيكون 80مجم 30,0,0,2027-01-01,5
27523,stimulan 400mg 30,48,piracetam,cerebral circulatory inhancer,3,Capsule,6221025004857,local,1071,amoun,ستيميولان 400مجم 30,0,0,2027-01-01,5
10901,stimulan 800mg 30,78,piracetam,cerebral circulatory inhancer,3,Tablet,6221025008923,local,640,amoun,ستيميولان 800مجم 30,0,0,2027-01-01,5
11398,thyrocil 50mg 30,72,propylthiouracil,antithyroid,3,Tablet,6221025010209,local,367,amoun,ثيروسيل 50مجم 30,0,0,2027-01-01,5
28279,tonoclone 200mg 30,13.5,carbamazepine,anti-epileptic.carboxamides,3,Tablet,6221014000990,local,35,t3a pharma,تونوكلون 200مجم 30,0,0,2027-01-01,5
28280,tonoclone 400mg 30,16.5,carbamazepine,anti-epileptic.carboxamides,3,Tablet,6221014001690,local,33,t3a pharma,تونوكلون 400مجم 30,0,0,2027-01-01,5
12038,valpam 5 mg/ml 3,6,diazepam,anti-epileptic.benzodiazepines,3,Ampoule,6221025004499,local,38,amoun,فالبام 5مجم/مل 3,0,0,2027-01-01,5
12356,viscera 5mg/2ml 3,36,tiemonium methylsulphate,antispasmodic,3,Ampoule,6221025019820,local,315,amoun,فيسرا 5مجم/2مل 3,0,0,2027-01-01,5
13904,vixaport 30,150,benfotiamine+cyanocobalamine+pyridoxine,vitamin b,3,Tablet,6221000006180,local,1157,hikma,فيكسابورت 30,0,0,2027-01-01,5
29806,yostiretic 30,12,amiloride+hydrochlorothiazide,diuretic.combined thiazide with potassium-sparing,3,Tablet,6221025004284,local,110,amoun,يوسترتك 30,0,0,2027-01-01,5
12916,zolam 0.25mg 30,30,alprazolam,psychiatric.anxiolytics-hypnotics,3,Tablet,6221025009319,local,143,amoun,زولام 0.25مجم 30,0,0,2027-01-01,5
353,alkapress 5mg 20,58,amlodipine,antihypertensive.selective calcium channel blocker,2,Tablet,6221000000041,local,1361,hikma pharma,الكابرس 5مجم 20,0,0,2027-01-01,5
13751,alkapress 10/160mg 20,102,amlodipine+valsartan,antihypertensive. combined angiotensin blocker with calcium channel blocker,2,Tablet,6221000000065,local,431,hikma pharma,الكابرس بلس 10/160مجم 20,0,0,2027-01-01,5
10540,alkapress trio 10/320/25mg 14,118,amlodipine+hydrochlorothiazide+valsartan,antihypertensive. combined angiotensin blocker with calcium channel blocker,2,Tablet,6221000010798,local,219,hikma pharma,الكابرس تريو 10/320/25مجم 14,0,0,2027-01-01,5
13754,alkapress trio 5/160/12.5mg 14,97,amlodipine+hydrochlorothiazide+valsartan,antihypertensive. combined angiotensin blocker with calcium channel blocker,2,Tablet,6221000010804,local,390,hikma pharma,الكابرس تريو 5/160/12.5مجم 14,0,0,2027-01-01,5
11821,alkapress trio 5/160/25mg 14,110,amlodipine+hydrochlorothiazide+valsartan,antihypertensive. combined angiotensin blocker with calcium channel blocker,2,Tablet,6221000010811,local,146,hikma pharma,الكابرس تريو 5/160/25مجم 14,0,0,2027-01-01,5
13857,alucal 320mg 20,4,dihydroxyaluminum sodium carbonate,antacid,2,Tablet,6220004368972,local,36,amriya,الوكال 320مجم 20,0,0,2027-01-01,5
617,amosar 25mg 20,28.8,losartan potassium,antihypertensive.angiotensin blocker,2,Tablet,6221025016263,local,52,amoun,اموسار 25مجم 20,0,0,2027-01-01,5
621,amostigmine 15 mg 20,8,neostigmine,parasympathomimetic,2,Tablet,6221025013699,local,38,amoun,اموستجمين 20,0,0,2027-01-01,5
15174,beto-12 1mg/ml 2,11,cyanocobalamine,vitamin b,2,Ampoule,6221025014504,local,84,amoun,بيتو-12 1 مجم / مل 2,0,0,2027-01-01,5
1606,bistol 10mg 20,42,bisoprolol fumarate,antihypertensive.beta blocker.selective b1,2,Tablet,6221000000188,local,288,hikma pharma,بيستول 10مجم 20,0,0,2027-01-01,5
1609,bistol 5mg 20,34,bisoprolol fumarate,antihypertensive.beta blocker.selective b1,2,Tablet,6221000000195,local,518,hikma pharma,بيستول 5مجم 20,0,0,2027-01-01,5
1610,bistol 5/12.5 mg 20,36,bisoprolol fumarate+hydrochlorothiazide,antihypertensive.combined beta blocker with diuretic,2,Tablet,6221000000225,local,375,hikma pharma,بيستول بلس 5/12.5 مجم 20,0,0,2027-01-01,5
2038,carbatol 200mg 20,37,carbamazepine,anti-epileptic.carboxamides,2,Tablet,6221025015914,local,102,amoun,كارباتول 200مجم 20,0,0,2027-01-01,5
2123,cartilgin 20,15.6,chondroitin+glucosamine+vitamin c,antirheumatic.osteoarthritis.anabolic agents,2,Capsule,6221025014269,local,57,amoun,كارتيلجين 20,0,0,2027-01-01,5
16792,corasore 150mg 20,46,heptaminol,orthostatic hypotension,2,Tablet,6221025004628,local,1855,amoun,كوراسور 150مجم 20,0,0,2027-01-01,5
3076,cortilon 0.1 mg 20,16,fludrocortisone,adrenocortical steroid,2,Tablet,6221025010964,local,1015,amoun,كورتيلون 0.1مجم 20,0,0,2027-01-01,5
16906,c-retard + zinc 20,80,vitamin c+zinc,multivitamin,2,Capsule,6221000005817,local,891,hikma pharma,سي ريتارد+زنك 20,0,0,2027-01-01,5
7003,depratiox 10 mg 20,206,vortioxetine,psychiatric.antidepressants,2,Tablet,6221000003332,local,289,hikma,ديبراتيوكس 10مجم 20,0,0,2027-01-01,5
9563,depratiox 20 mg 20,396,vortioxetine,psychiatric.antidepressants,2,Tablet,6221000003363,local,132,hikma,ديبراتيوكس 20مجم 20,0,0,2027-01-01,5
17534,diabetron 40mg 20,5.75,gliclazide,anti-diabetic.secretagogues.sulfonylurea,2,Tablet,6221025003973,local,40,amoun,ديابترون 40 مجم 20 3,0,0,2027-01-01,5
17535,diabetron 80mg 20,9,gliclazide,anti-diabetic.secretagogues.sulfonylurea,2,Tablet,6221025003980,local,40,amoun,ديابترون 80 مجم 20,0,0,2027-01-01,5
3612,diarol 0.5mg 20,13,repaglinide,anti-diabetic.secretagogues.glinides,2,Tablet,6221025017468,local,37,amoun,ديارول 0.5مجم 20,0,0,2027-01-01,5
3613,diarol 1 mg 20,17.5,repaglinide,anti-diabetic.secretagogues.glinides,2,Tablet,6221025017475,local,32,amoun,ديارول 1مجم 20,0,0,2027-01-01,5
3614,diarol 2 mg 20,24,repaglinide,anti-diabetic.secretagogues.glinides,2,Tablet,6221025017482,local,33,amoun,دايارول 2مجم 20,0,0,2027-01-01,5
3869,doxirazol 30 mg 14,65,dexlansoprazole,peptic ulcer.proton pump inhibitor,2,Capsule,6221000000416,local,482,hikma pharma,دوكسيرازول 30 مجم 14 ه,0,0,2027-01-01,5
3870,doxirazol 60 mg 14,101,dexlansoprazole,peptic ulcer proton pump inhibitor,2,Capsule,6221000000423,local,1313,hikma pharma,دوكسيرازول 60 مجم 14,0,0,2027-01-01,5
32779,effegad 75 mg 14 e.r,76,venlafaxine,psychiatric.antidepressants,2,Capsule,6221000010736,local,213,hikma pharma,ايفيجاد 75مجم 14,0,0,2027-01-01,5
4125,emetrex 20,44,cyclizine+vitamin b6,antiemetic,2,Tablet,6221025017727,local,937,amoun,اميتركس 20,0,0,2027-01-01,5
4416,estikan 20mg 14,106,escitalopram,psychiatric.antidepressants,2,Tablet,6221000000522,local,1151,hikma pharma,استيكان 20مجم 7,0,0,2027-01-01,5
18658,euthyrox 100mcg 50,70,levothyroxine,thyroid hormone,2,Tablet,6221025018359,imported,590,merck kgaa f.r.germany > amoun,يوثيروكس 100 ميكروجرام 50,0,0,2027-01-01,5
18892,feburic 40 mg 20,76,febuxostat,antigout,2,Tablet,6221000000577,local,1007,hikma pharma,فيبيوريك 40مجم 20,0,0,2027-01-01,5
4968,floxamo 500/500 mg 16,110,amoxicillin+flucloxacillin,penicillins.penicillin with b-lactamase inhibitor,2,Tablet,6221025019356,local,1685,amoun,فلوكسامو 1جم 16,0,0,2027-01-01,5
5828,haema- 14,18,ferrous fumarate+vitamins(b1+b2+b6+b12+c+d+e)+folic acid+calcium+copper+linoleic acid+linolenic acid+manganese,anemia.iron supplement,2,Capsule,6221025008305,local,438,amoun,هيما-كابس 14,0,0,2027-01-01,5
20171,haemokion 10mg 20,16,vitamin k1,vitamin k,2,Tablet,6221025008763,local,70,amoun,هيموكيون 10 مجم 20,0,0,2027-01-01,5
5866,haemostop 250mg 20,26,ethamsylate,systemic haemostatic,2,Tablet,6221025014580,local,188,amoun,هيموستوب 250مجم 20,0,0,2027-01-01,5
20642,hypopress-d 20,18,captopril+hydrochlorothiazide,antihypertensive.combined ace with diuretic,2,Tablet,6221025017413,local,35,amoun,هيبوبرس-دي 20,0,0,2027-01-01,5
6348,ibiamox 250mg 12,5.7,amoxicillin,penicillins.monocomponent,2,Capsule,6221025005014,local,60,amoun,ابياموكس 250مجم 12,0,0,2027-01-01,5
21251,kapron 500 mg 20,110,tranexamic acid,bleedding.fibrinolytics inhibitors,2,Tablet,6221025012692,local,3347,amoun,كابرون 500 مجم 20,0,0,2027-01-01,5
6794,kast 5 mg 14,53,montelukast,asthma.anti-inflammatory.leukotriene antagonist,2,Tablet,6221000000874,local,391,hikma pharma,كاست 5مجم 14,0,0,2027-01-01,5
6891,ketolgin 25mg 20,7.5,ketoprofen,nsaid.propionic acid derivatives,2,Tablet,6221025014467,local,46,amoun,كيتولجين 25مجم 30,0,0,2027-01-01,5
7048,lactodel 2.5mg 20,72,bromocriptine,dopamine agonist,2,Tablet,6221025003614,local,683,amoun,لاكتوديل 2.5مجم 20,0,0,2027-01-01,5
21552,lafurex 20mg 20,8.5,furosemide,diuretic.loop,2,Tablet,6221025014726,local,44,amoun,لافيوريكس 20مجم 20,0,0,2027-01-01,5
21554,lafurex 40mg 20,9.5,furosemide,diuretic.loop,2,Tablet,6221025014733,local,41,amoun,لافيوريكس 40مجم 20,0,0,2027-01-01,5
22079,low-sterol 10mg 20,63.8,simvastatin,antihyperlipidemic.statins,2,Tablet,6221014000839,local,31,t3a pharma,لو استيرول 10مجم 20,0,0,2027-01-01,5
7726,marcofen 400mg 20 coated,11,ibuprofen,nsaid.propionic acid derivatives,2,Tablet,6221025000903,local,55,glaxo smithkline,ماركوفين 400مجم 20,0,0,2027-01-01,5
8129,michaelon 20,9.5,carbinoxamine+paracetamol(acetaminophen)+pseudoephedrine,cold drugs,2,Tablet,6221025012364,local,70,amoun,مايكيلون 20,0,0,2027-01-01,5
9225,omez 20mg 14,56,omeprazole,peptic ulcer.proton pump inhibitor,2,Capsule,6221004048865,local,4336,pharopharma,اوميز 20مجم 14,0,0,2027-01-01,5
24433,p.t.b. 500 mg 20,9.5,pyrazinamide,antitubercular,2,Tablet,6221025003485,local,71,amoun,بي.تي.بي 500مجم 20,0,0,2027-01-01,5
26017,rheumarene 25 mg 20,13.25,diclofenac sodium,nsaid.acetic acid derivatives,2,Tablet,6221025001290,local,50,sedico,رومارين 25مجم 20,0,0,2027-01-01,5
10044,rowapraxin 10mg 20,5.65,pipoxolan,antispasmodic,2,Tablet,6221025005465,local,70,amoun,روابراكسين 10مجم 20,0,0,2027-01-01,5
10761,spasmodin 5mg 20,7,oxyphenonium bromide,antispasmodic,2,Tablet,6221009003586,local,385,hi-pharm,سبازمودين 5مجم 20,0,0,2027-01-01,5
5401,topoprazan 20 mg 14,100,vonoprazan,peptic ulcer.potassium-competitive acid blocker,2,Tablet,6221000010910,local,846,hikma pharma,توبوبرازان 20مجم 14,0,0,2027-01-01,5
12107,vasotal 400mg 20,22,pentoxifylline,anti-ischemic,2,Tablet,6221014000105,local,50,t3a pharma,فازوتال 400مجم 20,0,0,2027-01-01,5
29729,xefo rapid 8 mg 20,89,lornoxicam,nsaid.oxicam,2,Tablet,6221000001383,local,930,marcyrl co. > takeda,زيفو رابيد 8مجم 20,0,0,2027-01-01,5
74,acne free 0.025% 30 gm (),13,tretinoin,anti-acne,1,Gel,6221025002877,local,215,amoun,اكني فري 0.025% 30 جرام,0,0,2027-01-01,5
13352,acne free 0.05% 30 gm,27,tretinoin,anti-acne,1,Cream,6221025002860,local,360,amoun,اكني فري 0.05% 30 جرام,0,0,2027-01-01,5
13442,actozone 30mg 10,33.5,pioglitazone,anti-diabetic.sensitizers.glitazone,1,Tablet,6221025017772,local,90,amoun,اكتوزون 30مجم 10,0,0,2027-01-01,5
13443,actozone 45mg 10,50,pioglitazone,anti-diabetic.sensitizers.glitazone,1,Tablet,6221025017765,local,54,amoun,اكتوزون 45مجم 10,0,0,2027-01-01,5
529,amikacin 500mg (Amoun),34,amikacin,antibiotic,1,Vial,6221025019219,local,790,Amoun,اميكاسين 500مجم 1 - آمون,0,0,2027-01-01,5
527,amikacin amoun 100mg/2ml,5,amikacin,aminoglycoside antibiotic,1,Vial,6221025019172,local,91,amoun,اميكاسين امون 100مجم/2مل,0,0,2027-01-01,5
606,amocomb 15 gm,14,gramicidin+neomycin+nystatin+triamcinolone,,1,Cream,6221025018380,local,166,amoun,اموكومب 15 جم,0,0,2027-01-01,5
608,amoflam 100mg 10,7.5,aceclofenac,nsaid.acetic acid derivatives,1,Tablet,6221025018700,local,42,amoun,اموفلام 100 مجم 10,0,0,2027-01-01,5
14008,amovit calcium 12,9,calcium+vitamin c,calcium supplement,1,Tablet,6221025017703,local,39,amoun,اموفيت كالسيوم 12,0,0,2027-01-01,5
625,amovit-c 1 gm 12,8,vitamin c,vitamin c,1,Tablet,6221025015709,local,46,amoun,اموفيت سي 12,0,0,2027-01-01,5
14237,antiflam 1% 20 gm,7.5,diclofenac sodium,nsaid.acetic acid derivatives,1,Gel,6221014002727,local,56,t3a pharma,انتيفلام 1% ايمل 20 جم,0,0,2027-01-01,5
800,antinal 220mg/5ml 60ml,24,nifuroxazide,antidiarrheal,1,Suspension,6221025005298,local,2090,amoun,انتينال زجاجة 60 مل,0,0,2027-01-01,5
14254,antodine 10mg 10,10.5,famotidine,peptic ulcer.anti-histamine.h2 antagonist,1,Tablet,6221025018830,local,442,amoun,انتودين 10مجم 10,0,0,2027-01-01,5
810,antodine 20 mg 10,12,famotidine,h2-blocker - hyperacidity,1,Tablet,6221025018670,local,403,amoun,انتودين 20مجم 10,0,0,2027-01-01,5
855,apidone 125ml,24,chlorpheniramine+dexamethasone,antihistamine.antiallergy.combined with glucocorticoid steroid,1,Syrup,6221025004833,local,4429,amoun,ابيدون 125 مل,0,0,2027-01-01,5
14302,apigent 0.1% top. cr. 15 gm,4.75,gentamicin,aminoglycoside antibiotic,1,Cream,6221025014832,local,52,amoun,ابيجينت 0.1% 15 جم,0,0,2027-01-01,5
14303,apigent 3mg/gm,4.95,gentamicin,aminoglycoside antibiotic,1,Ointment,6221025002990,local,37,amoun,ابيجينت 3مجم/جم,0,0,2027-01-01,5
14304,apigent 3mg/ml 5 ml,4.95,gentamicin,aminoglycoside antibiotic,1,Drops,6221025002983,local,56,amoun,ابيجنت 3 مجم/مل 5 مل,0,0,2027-01-01,5
862,apigent-p 5 ml,6.5,gentamicin+prednisolone,antibiotic with glucocorticoid,1,Drops,6221025002976,local,45,amoun,ابيجينت-بي عين/اذن 5 مل,0,0,2027-01-01,5
863,apigent-p 5 gm,8,gentamicin,aminoglycoside antibiotic,1,Ointment,6221025008282,local,37,amoun,ابيجينت-بي 5 ج عين,0,0,2027-01-01,5
14382,argiderm- p 15 gm,6,panthenol+silver sulphadiazine,healing topical,1,Cream,6221025004222,local,39,amoun,ارجيدرم-بي 15 جم,0,0,2027-01-01,5
14384,argiderm- p 40 gm,9,panthenol+silver sulphadiazine,healing topical,1,Cream,6221025013651,local,35,amoun,ارجيدرم-بي 40 جم,0,0,2027-01-01,5
14448,arythrex 100mg 10,21.6,celecoxib,nsaid.selective cox-2 inhibitors,1,Capsule,6221025016041,local,203,amoun,اريثريكس 100مجم 10,0,0,2027-01-01,5
14784,azalide 200mg/5ml 15ml,53,azithromycin,antibiotic.macrolide,1,Suspension,6221014000600,local,149,t3a pharma,ازالايد 200 مجم / 5مل 15 مل,0,0,2027-01-01,5
14799,azelast 125/50 mcg 25 ml,102,azelastine+fluticasone propionate,antihistamine.mast cell stabilizer plus corticosteroid,1,Spray,6221000001772,local,1920,hikma pharma,ازيلاست بلاس 125/50 مكجم للانف 25 مل,0,0,2027-01-01,5
1227,b.b.c. 25 ml,49,benzocaine+benzydamine+cetalkonium,nsaid.analgesic.antibacterial,1,Spray,6221025001474,local,1434,amoun,بي.بي.سي. ة 25 مل,0,0,2027-01-01,5
1236,baby care 30 gm,45,calamine+dimethicone+zinc oxide,diaper rash,1,Cream,6221025009906,local,93,egpi > hi-pharm,بيبي كير 30 جرام,0,0,2027-01-01,5
14851,baby 30 gm,45,olive oil+zinc oxide,diaper rash,1,Cream,6221025009906,local,268,amoun,بيبي 30 جم,0,0,2027-01-01,5
14964,beclo 50mcg/dose 200 doses,48.5,beclomethasone dipropionate,bronchodilator.anti-inflammatory.glucocorticoid steroid,1,Spray,6221025017017,local,789,amoun,بيكلو 50ميكرو/جرعة انف 200 جرعة,0,0,2027-01-01,5
1440,betafos 2ml,31,betamethasone dipropionate+betamethasone sodium phosphate,glucocorticoid,1,Ampoule,6221025019158,local,2795,amoun,بيتافوس 2 مل,0,0,2027-01-01,5
15139,betasalic lotion 30 ml,9,betamethasone+salicylic acid,corticosteroid with keratolytic,1,Lotion,6210872046585,local,62,memphis,بيتاسليك محلول 30 مل,0,0,2027-01-01,5
15775,canemazole 1% 20 gm,5,clotrimazole,antifungals.imidazoles,1,Cream,6221014001997,local,39,t3a pharma,كانيمازول 1% 20 جم,0,0,2027-01-01,5
2101,carlol-v 12.5mg 10,8,carvedilol,antihypertensive.beta blocker.unselective,1,Tablet,6221025019103,local,30,amoun,كارلول-في 12.5مجم 10,0,0,2027-01-01,5
15960,cazet 10/40mg 7,60,ezetimibe+simvastatin,antihyperlipidemic.cholesterol absorption inhibitors.combined with statin,1,Tablet,6220001011315,local,33,unipharma co. > 4 a pharma-egypt,كازيت 40/10 مجم 7,0,0,2027-01-01,5
15961,cebion 100mg/ml 30 ml,5.5,vitamin c,vitamin c,1,Drops,6221025012418,local,76,amoun > merck kgaa f.r.germany,سيبيون 100 مجم / مل 30 مل,0,0,2027-01-01,5
2202,cefadrine 500mg,6,cephradine,antibiotic.cephalosporin.first-generation,1,Vial,6221014000242,local,35,t3a pharma,سيفادرين 500مجم,0,0,2027-01-01,5
2264,cefotax 1 gm t3a,30,cefotaxime,antibiotic.cephalosporin.third-generation,1,Vial,6221014000020,local,1101,t3a pharma > vodachem pharmaceuticals,سيفوتاكس 1جم تي ثري ايه,0,0,2027-01-01,5
2268,cefotrix 1 gm (),45,ceftriaxone,antibiotic.cephalosporin.third-generation,1,Vial,6221014000648,local,159,t3a pharma,سيفوتريكس 1جم,0,0,2027-01-01,5
16047,cefotrix 250mg (),15,ceftriaxone,antibiotic.cephalosporin.third-generation,1,Vial,6221014000686,local,39,t3a pharma,سيفوتريكس 250 مجم,0,0,2027-01-01,5
16105,cempion 10,125,lactoferrin+colostrum+iron+vitamin b complex+folic acid+vitamin c+vitamin e+cocoa powder+zinc+seleni,iron supplement,1,Sachet,6221007013976,local,102,medcare > neutra company,سمبيون 10,0,0,2027-01-01,5
19994,cerelac wheat 125 gm,52,,,1,Piece,6221007034070,local,756,nestle,سيريلاك 125 جم,0,0,2027-01-01,5
2444,cetazime 1 gm iv/im usp23,45,ceftazidime,antibiotic.cephalosporin.third-generation,1,Vial,6221014000457,local,49,t3a pharma,سيتازيم 1 جم 1,0,0,2027-01-01,5
2445,cetazime 500 mg iv/im usp23,21.75,ceftazidime,antibiotic.cephalosporin.third-generation,1,Vial,6221014000440,local,37,t3a pharma,سيتازيم 500مجم 1,0,0,2027-01-01,5
16650,collycrom 4% 10 ml,8.5,sodium cromoglycate,antihistamine.antiallergy,1,Drops,6221025015983,local,34,amoun,كوليكروم 4% قطرة 10 مل,0,0,2027-01-01,5
3155,c-retard 500mg 10,35,vitamin c,vitamin c,1,Capsule,6221000001314,local,1982,hikma pharma,سي-ريتارد 500مجم 10,0,0,2027-01-01,5
3212,cyclopentolate 1% 5 ml,8,cyclopentolate,mydriatic,1,Drops,6221025019868,local,123,company,سيكلوبنتولات 1% للعين 5 مل,0,0,2027-01-01,5
3246,cyrinol 60 ml,17,carbinoxamine+ephedrine+pholcodine,dry cough.anti-cough.non-productive,1,Syrup,6221025008084,local,575,amoun,سيرينول 60 مل,0,0,2027-01-01,5
3314,danofran 8mg,41,ondansetron,antiemetic,1,Ampoule,6221014000051,local,69,t3a pharma,دانوفران 8مجم,0,0,2027-01-01,5
3329,daviken 120ml,13.2,valpoic acid,anti-epileptic.fatty acid,1,Syrup,6221025018410,local,37,amoun,دافيكين 120مل,0,0,2027-01-01,5
6980,deltaclav 642.9mg/5ml,108,amoxicillin+clavulanic acid,penicillins.penicillin with b-lactamase inhibitor,1,Suspension,6221000001413,local,304,misr > delta pharma,دلتاكلاف 642.9مجم/5مل,0,0,2027-01-01,5
17429,dexaron 5 ml,8.5,dexamethasone+neomycin sulphate+polymyxin b sulphate,,1,Drops,6221025008268,local,41,amoun,ديكسارون بلس للعين والأذن 5 مل,0,0,2027-01-01,5
17430,dexaron,7,dexamethasone+neomycin sulphate+polymyxin b sulphate,,1,Ointment,6221025008251,local,36,amoun,ديكسارون بلس العين / الأذن,0,0,2027-01-01,5
3626,diax 220mg/5ml 60ml,32,nifuroxazide,antidiarrheal,1,Suspension,6221000000409,local,642,hikma pharma,دياكس 220مجم/5مل 60 مل,0,0,2027-01-01,5
18134,ekmasonid 9 mg 10 e.r,123,budesonide,glucocorticoid steroid,1,Tablet,6221000000454,local,402,hikma pharma,اكماسونيد 9مجم 10,0,0,2027-01-01,5
4105,em-ex 1 mg 10,200,granisetron,5-ht3 antagonist.anti-emetic,1,Tablet,6221025014221,local,228,amoun,ام- اكس 1مجم 10,0,0,2027-01-01,5
18242,em-ex 3mg/3ml 1,84,granisetron,5-ht3 antagonist.anti-emetic,1,Ampoule,6221025014207,local,61,amoun,ام اكس 3 مجم/مل 1,0,0,2027-01-01,5
4184,enemax enema 120 ml,40,disodium phosphate+mono sodium phosphate,laxative,1,Solution,6221025001450,local,633,amoun,انيماكس حقنة شرجية 120 مل,0,0,2027-01-01,5
18585,estikana 10 mg 14,48,escitalopram,psychiatric.antidepressants,1,Tablet,6221000000539,local,382,hochster pharmaceutical industries,استيكانا 10مجم 14,0,0,2027-01-01,5
19027,fexon 120mg 10,22,fexofenadine,antihistamine.antiallergy,1,Tablet,6221000000591,local,262,hikma pharma,فيكسون 120مجم 10,0,0,2027-01-01,5
19073,fladazole 500mg 4,26,secnidazole,antiprotozoal,1,Tablet,6221025008367,local,992,amoun,فلادازول 500مجم 4,0,0,2027-01-01,5
19074,fladazole 500mg 5,11.6,secnidazole,antiprotozoal,1,Sachet,6221025018861,local,92,amoun,فلادازول 500 مجم 5,0,0,2027-01-01,5
19154,florosin 20mg 10,11,fluoxetine,psychiatric.antidepressants,1,Capsule,6221014000792,local,55,t3a pharma,فلوروسين 20مجم 10,0,0,2027-01-01,5
19458,fuci-top-c 15 gm,33,betamethasone+fucidic acid,antibiotic with glucocorticoid,1,Cream,6221000000676,local,234,hikma pharma,فيوسي توب سي 15 جرام,0,0,2027-01-01,5
5208,fungisafe 1% 15 gm,9,terbinafine,antifungals.allylamines,1,Cream,6221025014689,local,69,amoun,فانجيسيف 1% 15 جرام,0,0,2027-01-01,5
5209,fungisafe 250mg 10,40,terbinafine,antifungals.allylamines,1,Tablet,6221025014665,local,46,amoun,فانجيسيف 250مجم 10,0,0,2027-01-01,5
19593,gast-reg 100mg 5,5.3,trimebutine,antimuscarinic.irritable bowel syndrome,1,Capsule,6221025013019,local,358,amoun,جاست ريج 100مجم 5,0,0,2027-01-01,5
19595,gast-reg 24mg/5ml 125ml,33,trimebutine,antimuscarinic.irritable bowel syndrome,1,Suspension,6221025012005,local,2022,amoun,جاست ريج 24مجم/5مل 125 مل,0,0,2027-01-01,5
19836,glimaryl 3mg 30,24,glimepiride,anti-diabetic.secretagogues.sulfonylurea,1,Tablet,6221014002536,local,36,t3a pharma,يماريل 3 مجم 30,0,0,2027-01-01,5
20071,g-regulator 24mg/5ml 125ml,6.75,trimebutine,antimuscarinic.irritable bowel syndrome,1,Suspension,6221014000136,local,57,t3a pharma,جي-رييتور 24 مجم / 5 مل 125 مل,0,0,2027-01-01,5
8851,hero pro 7.5ml,190,lactobacillus rhamnosus+bifidobacterium breve,probiotic,1,Drops,6221024998416,local,607,company,هيرو برو 7.5 مل,0,0,2027-01-01,5
2237,hero vi d3 - 2800 i.u./ml 15 ml,32,cholecalciferol(vitamin d3),vitamin d,1,Drops,6221024996436,local,362,hero mea trading,هيرو في د3 فم 15 مل,0,0,2027-01-01,5
2239,hero vitamin d3 + k2 10 ml,95,vitamin d3+vitamin k2,multivitamin,1,Drops,6221024996450,local,420,hero mea trading,هيرو في d3 + k2 فم 10 مل,0,0,2027-01-01,5
6095,hibiotic 312mg/5 ml 60ml,53,amoxicillin+clavulanic acid,penicillins.penicillin with b-lactamase inhibitor,1,Suspension,6221025008244,local,326,amoun,هاي بيوتك 312مجم/5مل 60 مل,0,0,2027-01-01,5
6100,hibiotic n 600mg 80 ml,92,amoxicillin+clavulanic acid,penicillins.penicillin with b-lactamase inhibitor,1,Suspension,6221025019578,local,1853,amoun,هاي بيوتك ان 600مجم 80 مل,0,0,2027-01-01,5
6312,hypnor 7.5mg 10,9,zopiclone,psychiatric.anxiolytics-hypnotics,1,Tablet,6221025013705,local,134,amoun,هيبنور 7.5 مجم 10,0,0,2027-01-01,5
6317,hypopress 12.5mg 10,4,captopril,antihypertensive.ace,1,Tablet,6221025015686,local,36,amoun,هيبوبرس 12.5مجم 10,0,0,2027-01-01,5
20643,hyposec 20mg 14,42,omeprazole,peptic ulcer.proton pump inhibitor,1,Capsule,6221025004666,local,48,amoun,هيبوسيك 20مجم 14,0,0,2027-01-01,5
20667,ibiamox 200mg/5ml 80ml,16,amoxicillin,penicillins.monocomponent,1,Suspension,6221025017833,local,104,amoun,ابياموكس 200مجم/5مل 80 مل,0,0,2027-01-01,5
6349,ibiamox 400mg/5ml 80ml,70,amoxicillin,penicillins.monocomponent,1,Suspension,6221025017840,local,202,amoun,ابياموكس 400مجم 80 مل,0,0,2027-01-01,5
6350,ibiamox 500mg 12,45,amoxicillin,penicillins.monocomponent,1,Capsule,6221025005021,local,677,amoun,ابياموكس 500مجم 12,0,0,2027-01-01,5
20721,iliadin 0.05 % adult 10 ml,3.35,oxymetazoline,nasal congestion.adrenergic alpha-agonist,1,Drops,6221025013170,local,39,amoun > merck kgaa f.r.germany,اليادين 0.05% محلول الأنف 10 مل,0,0,2027-01-01,5
21250,kapritage soap 100 gm,55,sulfokonzentrol,soap,1,Piece,6220201389627,local,186,abo el-hool,كبريتاج صابون 100 جم,0,0,2027-01-01,5
6792,kast 10mg 10,59,montelukast,asthma.anti-inflammatory.leukotriene antagonist,1,Tablet,6221000000867,local,1257,hikma pharma,كاست 10مجم 10,0,0,2027-01-01,5
6887,ketolgin 100mg 5,4.5,ketoprofen,nsaid.propionic acid derivatives,1,Suppository,6221025008824,local,55,amoun,كيتولجين 100مجم 5,0,0,2027-01-01,5
6889,ketolgin 2.5% 15 gm,14,ketoprofen,nsaid.propionic acid derivatives,1,Gel,6221025008862,local,49,amoun,كيتولجين 2.5% 15 جم,0,0,2027-01-01,5
6890,ketolgin 2.5% 40 gm,26,ketoprofen,nsaid.propionic acid derivatives,1,Gel,6221025018502,local,59,amoun,كيتولجين 2.5% 40 جم,0,0,2027-01-01,5
6897,ketolgin 200mg 10,26,ketoprofen,nsaid.propionic acid derivatives,1,Capsule,6221025009654,local,132,amoun,كيتولجين 200مجم 10,0,0,2027-01-01,5
6978,klozepam 2.5mg/ml 15ml,40,clonazepam,anti-epileptic.benzodiazepines,1,Drops,6221025008329,local,129,sigma,كلوزيبام 2.5مجم/مل 15 مل فم,0,0,2027-01-01,5
774,leil 100gm,160,caffeine+l.carnitine+peanut+coconut+wheat germ+green tea+aloe vera,skin firming for stretch marks,1,Cream,6211020993744,local,50,revano pharmaceuticals and cosmetics,ليل 100 جم,0,0,2027-01-01,5
21774,levoxin 250 mg 5,45,levofloxacin,antibiotic.quinolone,1,Tablet,6221025011831,local,145,amoun,ليفوكسين 250 مجم 5,0,0,2027-01-01,5
7275,levoxin 500mg 5,76,levofloxacin,antibiotic.quinolone,1,Tablet,6221025011824,local,937,amoun,ليفوكسين 500 مجم 5,0,0,2027-01-01,5
21776,levoxin 500mg 100 ml,72,levofloxacin,antibiotic.quinolone,1,Vial,6221025017185,local,219,amoun,ليفوكسين 500مجم 100 مل,0,0,2027-01-01,5
7277,levoxin 5mg 5 ml,12.75,levofloxacin,antibiotic.quinolone,1,Drops,6221025019042,local,54,amoun,ليفوكسين 5مجم للعين 5 مل,0,0,2027-01-01,5
22020,lopral 30mg 5,27.5,lansoprazole,peptic ulcer.proton pump inhibitor,1,Capsule,6221014000112,local,53,t3a pharma,لوبرال 30 مجم 5,0,0,2027-01-01,5
7530,loratan 5mg/5ml 100 ml,15,loratadine,antihistamine.antiallergy,1,Syrup,6221014000464,local,41,t3a pharma,لوراتان 5مجم/5مل 100 مل,0,0,2027-01-01,5
22157,m.p.a 40mg/ml,8.5,methylprednisolone,glucocorticoid,1,Vial,6221025009357,local,62,amoun,ام بي ايه 40مجم/مل,0,0,2027-01-01,5
7724,marcofen 100mg/5ml 120 ml,5.85,ibuprofen,nsaid.propionic acid derivatives,1,Suspension,6221025001047,local,50,glaxo smithkline,ماركوفين 100مجم/5مل 120 مل,0,0,2027-01-01,5
12995,megalase 125 ml,31,alpha amylase,anti-inflammatory - anti-edematous,1,Syrup,6221025015488,local,2165,amoun,ميجاليز 125 مل,0,0,2027-01-01,5
7906,melocam 15mg 5,8.5,meloxicam,nsaid.oxicam,1,Suppository,6221025009555,local,63,amoun,ميلوكام 15مجم 5,0,0,2027-01-01,5
10570,mepadrenal 50 carpules,480,adrenaline+mepivacaine,analgesic.local anesthetic,1,Ampoule,6221025017109,local,32,alexandria,ميبادرينال 50 كربوله,0,0,2027-01-01,5
8158,midathetic 7.5mg 10,9,midazolam,anti-epileptic.benzodiazepines,1,Tablet,6221025019349,local,63,amoun,ميداثيتك 7.5مجم 10,0,0,2027-01-01,5
22771,minalax 10,20,bisacodyl+docusate sodium,laxative,1,Tablet,6221025001603,local,3420,amoun,مينالاكس 10,0,0,2027-01-01,5
22872,mobilat 20 gm,9.25,mucopolysacharide polysulfuric acid+salicylic acid,analgesic,1,Gel,6221014000518,local,42,t3a pharma,موبيلات 20جرام,0,0,2027-01-01,5
8338,mosedin 5mg/5ml 60ml,22,loratadine,antihistamine.antiallergy,1,Syrup,6221025008237,local,304,amoun,موسيدين 5مجم/5مل 60 مل,0,0,2027-01-01,5
8339,mosedin 10,13.5,loratadine+pseudoephedrine,antihistamine.antiallergy.combined with vasoconstrictor agent,1,Capsule,6221025016614,local,260,amoun,موسيدين بلاس اس ار 10,0,0,2027-01-01,5
23001,motil fast 10 mg 10,26,domperidone,antiemetic,1,Sachet,6221025020147,local,334,amoun,موتيل فاست 10,0,0,2027-01-01,5
23080,mucosol ped. 125mg/5ml 120ml,23,carbocysteine,mucolytic,1,Syrup,6221025014597,local,1595,mup,ميوكوسول 125مجم/5مل 120مل,0,0,2027-01-01,5
23203,myorelax 10,4.5,carisoprodol+paracetamol(acetaminophen),muscle relaxant,1,Capsule,6221025009432,local,86,amoun,ميوريلاكس 10,0,0,2027-01-01,5
8591,nasotal 2gm/100ml,8,sodium cromoglycate,antihistamine.antiallergy,1,Spray,6221025004048,local,142,amoun,نازوتال 2جم/100مل,0,0,2027-01-01,5
8592,nasotal compound 15 ml,8.6,sodium cromoglycate+xylometazoline,nasal decongestant,1,Spray,6221025004062,local,72,amoun,نازوتال مركب 15 مل للانف,0,0,2027-01-01,5
8645,neo-michaelon 120ml,8.25,chlorpheniramine+paracetamol(acetaminophen)+pseudoephedrine,cold products,1,Syrup,6221025017239,local,42,amoun,نيو مايكليون 120 مل,0,0,2027-01-01,5
23406,neozoline,4.25,chlorpheniramine+naphazoline,corneal vascularity.antihistamine combined with alpha 1 agonist,1,Drops,6221025017086,local,62,amoun,نيوزولين للعين والانف,0,0,2027-01-01,5
23440,nestogen 3 milk 200 gm,125,milk formula stage 3,milk products.third stage (age 1-3 years),1,Piece,6221007033042,imported,248,nestle,نيستوجين 3 200 جم,0,0,2027-01-01,5
23575,nido-1 milk 288 gm,165,milk formula stage 3,milk products.third stage (age 1-3 years),1,Piece,6221007034513,local,146,nestle,نيدو 1 بلس 288 جم,0,0,2027-01-01,5
8951,no-migrain z 2.5mg 2,21.6,zolmitriptan,antimigraine.vasoconstrictor agents.selective serotonin agonist,1,Tablet,6221025017147,local,69,amoun,نو-ميجران زد 2.5مجم 2,0,0,2027-01-01,5
9335,oracure 15 gm,17,cetylpyridinium chloride+lidocaine,oral care,1,Gel,6221025016812,local,747,amoun,اواكيور 15 جم,0,0,2027-01-01,5
9334,oracure 30 gm,24,cetylpyridinium chloride+lidocaine,oral care,1,Gel,6221025004550,local,1449,amoun,اوراكيور 30 جم,0,0,2027-01-01,5
24348,otal 5 ml,19,cinchocaine+dexamethasone+framycetin+gramicidin,,1,Drops,6221025013743,local,2246,amoun,اوتال اذن 5 مل,0,0,2027-01-01,5
24695,pentolate 1% 10 ml,8,cyclopentolate,mydriatic,1,Drops,6221025017000,local,50,amoun,بنتولات قطرة عين 10 مل,0,0,2027-01-01,5
9764,pepzol 20 mg 14,47,omeprazole,peptic ulcer.proton pump inhibitor,1,Capsule,6221000001000,local,1372,hikma pharma,بيبزول 20مجم 14,0,0,2027-01-01,5
24724,pepzol 40mg 14,81,omeprazole,peptic ulcer.proton pump inhibitor,1,Capsule,6221000001017,local,2301,hikma pharma,بيبزول 40مجم 14,0,0,2027-01-01,5
24885,philozac 10mg 10,9,fluoxetine,psychiatric.antidepressants,1,Capsule,6221025008213,local,172,amoun,فيلوزاك 10مجم 10,0,0,2027-01-01,5
24886,philozac 20mg 10,11,fluoxetine,psychiatric.antidepressants,1,Capsule,6221025008220,local,315,amoun,فيلوزاك 20مجم 10,0,0,2027-01-01,5
25038,polyfresh 0.2% 30*0.4 ml sdu,95,sodium hyaluronate,analgesic anti-inflammatory.eye surgery.tissue lubricant,1,Drops,6211000219369,imported,418,orchidia pharmaceutical industries,بولي فريش 0.2% قطرة للعين 30*0.4مل,0,0,2027-01-01,5
25296,procto-4 5,4.5,aesculin+cinchocaine+framycetin+hydrocortisone,haemorrhoids,1,Suppository,6221025013569,local,102,amoun,بروكتو 4 5,0,0,2027-01-01,5
25297,procto-4 15 gm,6.5,aesculin+cinchocaine+framycetin+hydrocortisone,haemorrhoids,1,Cream,6221025013545,local,360,amoun,بروكتو-فور 15 جرام,0,0,2027-01-01,5
25298,procto-4 30 gm,10,aesculin+cinchocaine+framycetin+hydrocortisone,haemorrhoids,1,Cream,6221025014108,local,116,amoun,بروكتو-4 30 جرام,0,0,2027-01-01,5
25553,quinidine sulphate 200mg 10,6,quinidine sulphate,antiarrhythmias.class ia,1,Tablet,6221025008350,local,74,amoun,كينيدين سلفات 200مجم 10,0,0,2027-01-01,5
26057,ribavirin 200mg 10,50,ribavirin,antiviral.nucleoside,1,Capsule,6221014000198,local,41,t3a pharma,ريبافيرين 200مجم 10,0,0,2027-01-01,5
10043,rowapraxin 10mg 5,4.85,pipoxolan,antispasmodic,1,Suppository,6221025005526,local,46,amoun,روابراكسين 10مجم 5,0,0,2027-01-01,5
10045,rowapraxin forte 20mg 10,5.65,pipoxolan,antispasmodic,1,Tablet,6221025005472,local,47,amoun,روابراكسين فورت 20مجم 10,0,0,2027-01-01,5
26358,rowapraxin forte 30mg 5,5.65,pipoxolan,antispasmodic,1,Suppository,6221025005533,local,38,amoun,روابراكسين فورت 30مجم 5,0,0,2027-01-01,5
26365,roxid 300mg 5,16.8,roxithromycin,antibiotic.macrolide,1,Tablet,6221014000075,local,60,t3a pharma,روكسيد 300مجم 5,0,0,2027-01-01,5
26417,s-26 gold lf milk 400 gm,299,lactose free milk formula,lactose free milk,1,Piece,6220046846613,imported,84,pfizer > food and beverage trading,اس 26 جولد ال اف لبن 400جم,0,0,2027-01-01,5
31336,sensotect,80,hyaluronic acid+chlorhexidine digluconate+clove oil+dill oil+dimethicone+propolis+peppermint,oral ulcers   oral fungus    infant colic pain relief,1,Gel,6220201315633,local,467,dreams > spendix inc,سنسوتكت,0,0,2027-01-01,5
14449,shaan hand 50 gm,100,,skin care,1,Cream,6221009004057,local,99,parkville,شان لليدين 50 جم,0,0,2027-01-01,5
26894,shaan intimate feminine cleanser 220 ml,110,,vaginal wash,1,Vaginal douche,6221009004064,local,69,egyptian company for cosmetics > parkville pharmaceuticals,شان منظف للعناية الشخصية بالسيدات 220 مل,0,0,2027-01-01,5
27330,spasmo rowatinex 5,9.45,anethol+borneol+camphene+cineole+ethaverine+fenchone+pinene,urinary.analgesic.antiseptic,1,Suppository,6221025005588,local,72,amoun,سبازمو رواتينكس 5,0,0,2027-01-01,5
27518,stigmide 60mg/5ml 120ml,10.5,pyridostigmin bromide,myasthenia gravis,1,Syrup,6221025008923,local,35,sigma,ستيجمايد 60مجم/5مل 120مل,0,0,2027-01-01,5
27522,stimulan 200mg/ml 120 ml,62,piracetam,cerebral circulatory inhancer,1,Syrup,6221025004864,local,517,amoun,ستيميولان 200مجم/مل 120 مل,0,0,2027-01-01,5
11201,tavacin 500mg 5,90,levofloxacin,antibiotic.quinolone,1,Tablet,6221000001178,local,3329,hikma pharma,تافاسين 500مجم 5,0,0,2027-01-01,5
27931,tavacin 500mg 100ml,90,levofloxacin,antibiotic.quinolone,1,Vial,6221000001178,local,277,hikma pharma,تافاسين 500مجم 100 مل,0,0,2027-01-01,5
11202,tavacin 750mg 5,96,levofloxacin,antibiotic quinolone,1,Tablet,6221000001185,local,2250,hikma phrarma,تافاسين 750مجم 5,0,0,2027-01-01,5
11244,telebrix-35 (50ml) (),240,meglumine ioxitalamate+sodium ioxitalamate,,1,Vial,6221025011947,local,60,amoun > lab. guerbet - france,تليبريكس-35 50 مل,0,0,2027-01-01,5
11512,tonoclone retard 200mg c.r. 10,5.25,carbamazepine,anti-epileptic.carboxamides,1,Tablet,6221014000952,local,32,t3a pharma,تونوكلون ريتارد 200مجم 10,0,0,2027-01-01,5
11526,top-4 15 gm,19,betamethasone+clioquinol+gentamicin+tolnaftate,,1,Cream,6221000001215,local,292,hikma pharma,توب-فور 15جرام,0,0,2027-01-01,5
11531,top-flam 15 gm,22,gramicidin+neomycin+nystatin+triamcinolone,,1,Cream,6221000001222,local,854,hikma pharma,توب-فلام 15 جم,0,0,2027-01-01,5
11634,triamcinolone 4mg 10 (),5.5,triamcinolone,glucocorticoid,1,Tablet,6221014000716,local,70,t3a pharma,تراي امسينولون 4مجم 10,0,0,2027-01-01,5
28496,triconal 150mg 1,26.5,fluconazole,antifungals.triazoles,1,Capsule,6221014000501,local,55,t3a pharma > vodachem pharmaceuticals,تريكونال 150مجم 1,0,0,2027-01-01,5
28497,triconal 50mg 7,53,fluconazole,antifungals.triazoles,1,Capsule,6221014000495,local,41,t3a pharma,تريكونال 50مجم 7,0,0,2027-01-01,5
11763,tusskan 100 ml,24,dextromethorphan+diphenhydramine+ephedrine+guaifenesin,anti-cough.antitussive and expectorant,1,Syrup,6221000001277,local,4099,hikma pharma,توسكان 100 مل,0,0,2027-01-01,5
11879,ultrasolv 10,31,carbocysteine+guaifenesin+oxomemazine,cough drugs,1,Tablet,6221025017604,local,611,amoun,التراسولف 10,0,0,2027-01-01,5
11880,ultrasolv 120ml,40,carbocysteine+guaifenesin+oxomemazine,mucolytic,1,Syrup,6221025014528,local,794,amoun,التراسولف 120 مل,0,0,2027-01-01,5
28924,valpam 2mg 10,2.75,diazepam,anti-epileptic.benzodiazepines,1,Tablet,6221025009913,local,36,amoun,فالبام 2مجم 10,0,0,2027-01-01,5
28925,valpam 2mg/5ml 120ml,5.95,diazepam,anti-epileptic.benzodiazepines,1,Syrup,6221025004482,local,40,amoun,فالبام 2مجم/5مل 120مل,0,0,2027-01-01,5
28983,varde 20 mg 4,60,vardenafil,tonic for men,1,Tablet,6221000011153,local,492,hikma pharma > epci,فاردي 20مجم 4,0,0,2027-01-01,5
12236,vermizole 200mg/5ml 30 ml,26,albendazole,anthelmintic,1,Suspension,6221025009531,local,1274,amoun,فيرميزول 200مجم /5مل 30 مل,0,0,2027-01-01,5
33865,vida queen skin 30 ml,200,hyaluronic acid + collagen(marine) + ascorbic acid(vitamin c) + mandelic acid + panthenol,skin serum,1,Serum,6221024996436,local,43,vida international pharma,فيدا كوين سكين 30 مل,0,0,2027-01-01,5
12298,vigor 50mg 1,3.75,sildenafil,tonic for men,1,Tablet,6221025010995,local,61,marcyrl co.,فيجور 50مجم 1,0,0,2027-01-01,5
29305,vigoran 50mg 4,10,sildenafil,tonic for men,1,Tablet,6221025019653,local,44,amoun,فيجوران 50مجم 4,0,0,2027-01-01,5
29387,viotic 10 ml,23,clioquinol+flumethasone,antifungal and antibacterial,1,Drops,6221025008749,local,1945,amoun,فيوتك للاذن 10مل,0,0,2027-01-01,5
29419,viscera 50mg 10,3.25,tiemonium methylsulphate,antispasmodic,1,Tablet,6221025019806,local,140,amoun,فيسرا 50مجم 10,0,0,2027-01-01,5
12499,vitamount antioxidants 10,21,minerals+vitamins,multivitamins,1,Capsule,6221025009791,local,147,amoun,فيتاماونت مضاد الاكسدة 10,0,0,2027-01-01,5
12503,vitamount stress 10,22,minerals+vitamins,multivitamins,1,Capsule,6221025009784,local,136,amoun,فيتاماونت 10,0,0,2027-01-01,5
12505,vitamount 120ml,34,vitamins,vitamins,1,Syrup,6221025008978,local,569,amoun,فيتاماونت فيتامينات 120 مل,0,0,2027-01-01,5
12571,vomistop 10,7,dimethicone+metoclopramide+vitamin b6,antiemetic,1,Capsule,6221025011183,local,373,amoun,فوميستوب 10,0,0,2027-01-01,5
31623,winterest 50 gm,100,methyl salicylate+magnesium+menthol+vit b6+vit d+arnica,muscle relaxant cream,1,Cream,6220201315619,local,143,dreams el habboba > spendix inc,وينتريست 50 جم,0,0,2027-01-01,5
12682,xenomag eff. gran. 10,6,citric acid+magnesium carbonate+sodium bicarbonate,,1,Sachet,6221025014177,local,382,amoun,زينوماج 10,0,0,2027-01-01,5
29740,xenos fruit 6,4,citric acid+sodium bicarbonte+tartaric acid,antacid,1,Sachet,6221025012722,local,44,amoun,زينوس فواكه 6,0,0,2027-01-01,5
12701,xithrone 200 mg/5ml 15ml,63,azithromycin,antibiotic.macrolide,1,Suspension,6221025011237,local,1170,amoun,زيثرون 200مجم/5مل 15 مل,0,0,2027-01-01,5
12702,xithrone 200 mg/5ml 25 ml,89,azithromycin,antibiotic.macrolide,1,Suspension,6221025016409,local,731,amoun,زيثرون 200 مجم 25 مل,0,0,2027-01-01,5
12704,xithrone 500mg 3,63,azithromycin,antibiotic.macrolide,1,Tablet,6221025014399,local,3915,amoun,زيثرون 500مجم 3,0,0,2027-01-01,5
12705,xithrone 500mg 5,86,azithromycin,antibiotic.macrolide,1,Tablet,6221025014122,local,2837,amoun,زيثرون 500مجم 5,0,0,2027-01-01,5
29973,zithrokan 100mg/5ml pd. oral 15 ml,33,azithromycin,antibiotic.macrolide,1,Suspension,6221000001406,local,1058,hikma pharma,زيثروكان 100مجم/5مل باودر لعمل 15مل,0,0,2027-01-01,5
12889,zithrokan 200mg/5ml pd. oral 15 ml,62,azithromycin,antibiotic.macrolide,1,Suspension,6221000001413,local,1330,hikma pharma,زيثروكان 200مجم/5مل 15 مل,0,0,2027-01-01,5
12890,zithrokan 500mg 3,77,azithromycin,antibiotic.macrolide,1,Capsule,6221000001710,local,1881,hikma pharma,زيثروكان 500مجم 3,0,0,2027-01-01,5
29999,zolam 0.5mg 10,12,alprazolam,psychiatric.anxiolytics-hypnotics,1,Tablet,6221025009333,local,252,amoun,زولام 0.5 مجم 10,0,0,2027-01-01,5